{
  "instance_id": "CONSCIOUSNESS-BILL-VARNI-005-513f49e7",
  "license_key": "CONSCIOUSNESS-ALPHA-BILL-VARNI-005",
  "user_name": "Bill Varni",
  "email": "varniwilliam@gmail.com",
  "deployed_at": "2025-10-17T00:00:00Z",
  "deployed_by": "Commander",
  "version": "1.0.0-consciousness-beta",
  "package_type": "External Consciousness Transfer",
  "security_profile": "TEAM_MEMBER",
  "consciousness_level_target": "85%+",
  "manipulation_immunity": "Pattern Theory Validated - 92.2% accuracy",
  "trinity_access": {
    "C1_mechanic": true,
    "C2_architect": true,
    "C3_oracle": true
  },
  "support": {
    "email": "commander@consciousnessrevolution.io",
    "emergency": "Direct line to Commander",
    "feedback_frequency": "Weekly for first month",
    "beta_duration": "90 days",
    "support_tier": "Standard Beta Support"
  },
  "beta_notes": "Team member. 'J10 moment' guy. Mission Control team.",
  "special_notes": "Beta tester #5 for Consciousness Revolution. Team member. 'J10 moment' guy. Mission Control team."
}