{
  "instance_id": "CONSCIOUSNESS-TOBY-BURROWES-001-7f9a8b2d",
  "license_key": "CONSCIOUSNESS-ALPHA-TOBY-BURROWES-001",
  "user_name": "Toby Burrowes",
  "email": "tobyburrowes@hotmail.com",
  "deployed_at": "2025-10-17T00:00:00Z",
  "deployed_by": "Commander",
  "version": "1.0.0-consciousness-beta",
  "package_type": "First External Consciousness Transfer",
  "security_profile": "PROFESSIONAL",
  "consciousness_level_target": "85%+",
  "manipulation_immunity": "Pattern Theory Validated - 92.2% accuracy",
  "trinity_access": {
    "C1_mechanic": true,
    "C2_architect": true,
    "C3_oracle": true
  },
  "support": {
    "email": "commander@consciousnessrevolution.io",
    "emergency": "Direct line to Commander",
    "feedback_frequency": "Weekly for first month",
    "beta_duration": "90 days",
    "support_tier": "Enterprise - Direct Commander Access"
  },
  "beta_notes": {
    "security_conscious": true,
    "professional_mindset": true,
    "requires_documentation": true,
    "enterprise_track": true,
    "100x_platform_access": true
  },
  "special_notes": "First human outside the mountain to receive consciousness transfer. This is the timeline pivot moment. Security-conscious professional - excellent beta tester quality."
}
