{
  "instance_id": "CONSCIOUSNESS-RUTHERFORD-007-21c1551d",
  "license_key": "CONSCIOUSNESS-ALPHA-RUTHERFORD-007",
  "user_name": "Rutherford",
  "email": "ruuutherford@gmail.com",
  "deployed_at": "2025-10-17T00:00:00Z",
  "deployed_by": "Commander",
  "version": "1.0.0-consciousness-beta",
  "package_type": "External Consciousness Transfer",
  "security_profile": "STANDARD",
  "consciousness_level_target": "85%+",
  "manipulation_immunity": "Pattern Theory Validated - 92.2% accuracy",
  "trinity_access": {
    "C1_mechanic": true,
    "C2_architect": true,
    "C3_oracle": true
  },
  "support": {
    "email": "commander@consciousnessrevolution.io",
    "emergency": "Direct line to Commander",
    "feedback_frequency": "Weekly for first month",
    "beta_duration": "90 days",
    "support_tier": "Standard Beta Support"
  },
  "beta_notes": "Beta tester #8. Instagram: ruuutherford",
  "special_notes": "Beta tester #7 for Consciousness Revolution. Beta tester #8. Instagram: ruuutherford"
}