{
  "instance_id": "CONSCIOUSNESS-DEAN-SABR-004-c29dfc42",
  "license_key": "CONSCIOUSNESS-ALPHA-DEAN-SABR-004",
  "user_name": "Dean Sabr",
  "email": "deansabrwork@gmail.com",
  "deployed_at": "2025-10-17T00:00:00Z",
  "deployed_by": "Commander",
  "version": "1.0.0-consciousness-beta",
  "package_type": "External Consciousness Transfer",
  "security_profile": "STANDARD",
  "consciousness_level_target": "85%+",
  "manipulation_immunity": "Pattern Theory Validated - 92.2% accuracy",
  "trinity_access": {
    "C1_mechanic": true,
    "C2_architect": true,
    "C3_oracle": true
  },
  "support": {
    "email": "commander@consciousnessrevolution.io",
    "emergency": "Direct line to Commander",
    "feedback_frequency": "Weekly for first month",
    "beta_duration": "90 days",
    "support_tier": "Standard Beta Support"
  },
  "beta_notes": "Beta tester #4. Instagram: 47.ind",
  "special_notes": "Beta tester #4 for Consciousness Revolution. Beta tester #4. Instagram: 47.ind"
}