{
  "instance_id": "CONSCIOUSNESS-JOSHUA-SERRANO-002-d42ac7b8",
  "license_key": "CONSCIOUSNESS-ALPHA-JOSHUA-SERRANO-002",
  "user_name": "Joshua Serrano",
  "email": "joshua.serrano2022@gmail.com",
  "deployed_at": "2025-10-17T00:00:00Z",
  "deployed_by": "Commander",
  "version": "1.0.0-consciousness-beta",
  "package_type": "External Consciousness Transfer",
  "security_profile": "STANDARD",
  "consciousness_level_target": "85%+",
  "manipulation_immunity": "Pattern Theory Validated - 92.2% accuracy",
  "trinity_access": {
    "C1_mechanic": true,
    "C2_architect": true,
    "C3_oracle": true
  },
  "support": {
    "email": "commander@consciousnessrevolution.io",
    "emergency": "Direct line to Commander",
    "feedback_frequency": "Weekly for first month",
    "beta_duration": "90 days",
    "support_tier": "Standard Beta Support"
  },
  "beta_notes": "First external beta tester. Already received JARVIS package.",
  "special_notes": "Beta tester #2 for Consciousness Revolution. First external beta tester. Already received JARVIS package."
}